parameter,value,uncertainty
y0,-0.17832832188090605,0.089535767093076
v0,10.398734907681256,0.20746591376882081
g,10.122680135122456,0.2002998560454141
